"marker_id","chr","pos"
"25533-1",1,0
"153163-1",1,0.569
"420700-1",1,2.027
"678082-1",1,5.066
"809670-1",1,5.927
"1074557-1",1,8.316
"1226398-1",1,11.352
"1450659-1",1,14.719
"1603799-1",1,18.767
"1654472-1",1,19.05
"1801670-1",1,19.619
"2173426-1",1,24.734
"2218724-1",1,25.303
"2288021-1",1,25.873
"2304835-1",1,26.442
"2446525-1",1,27.012
"2714174-1",1,31.765
"2746825-1",1,32.626
"2766957-1",1,33.783
"3172751-1",1,37.167
"3233797-1",1,37.736
"3620893-1",1,41.482
"3676919-1",1,45.596
"4454310-1",1,49.737
"7044090-1",1,59.691
"21037065-1",1,59.692
"67512259-1",1,61.796
"69227404-1",1,66.285
"69430373-1",1,67.149
"69683843-1",1,68.311
"72402911-1",1,90.984
"72831305-1",1,92.747
"74314733-1",1,105.232
"76672459-1",1,119.883
"83444565-1",1,119.884
"83852566-1",1,121.043
"83886078-1",1,121.612
"84030652-1",1,122.182
"84453015-1",1,123.339
"84791385-1",1,123.622
"84851813-1",1,123.904
"84847821-1",1,123.905
"85091184-1",1,125.061
"85115390-1",1,125.631
"85349043-1",1,126.788
"85393681-1",1,126.789
"85528366-1",1,128.551
"85588973-1",1,129.12
"85769178-1",1,129.133
"85919899-1",1,129.69
"86093836-1",1,130.551
"86171125-1",1,131.12
"86467453-1",1,132.277
"86636577-1",1,134.35
"86652077-1",1,135.214
"86749853-1",1,137.291
"86770216-1",1,137.574
"86867353-1",1,138.143
"86993750-1",1,139.004
"87007323-1",1,139.574
"87315874-1",1,140.731
"87424402-1",1,141.3
"87466579-1",1,141.583
"87520611-1",1,141.865
"87626733-1",1,142.148
"87876494-1",1,142.718
"88132973-1",1,143.579
"88220493-1",1,144.148
"88208601-1",1,144.149
"88485385-1",1,146.537
"88779496-1",1,147.694
"89170623-1",1,150.083
"89263108-1",1,150.366
"89516529-1",1,150.935
"89692004-1",1,151.796
"89952387-1",1,152.366
"28521289-2",2,0
"4409029-2",2,1.616
"30762028-2",2,10.646
"31349025-2",2,12.262
"32325113-2",2,16.595
"33753248-2",2,21.915
"34231799-2",2,24.993
"34944547-2",2,28.684
"35068159-2",2,28.944
"35155443-2",2,29.204
"36411382-2",2,37.832
"36572189-2",2,38.358
"36706932-2",2,38.618
"36842294-2",2,39.141
"36952225-2",2,40.205
"37383115-2",2,41.27
"37722592-2",2,42.889
"37910463-2",2,45.078
"37964685-2",2,45.338
"38096910-2",2,46.399
"38320859-2",2,46.923
"38420040-2",2,47.183
"38733705-2",2,47.706
"38920939-2",2,47.966
"39021430-2",2,48.226
"39279207-2",2,48.749
"39337126-2",2,49.273
"39609957-2",2,50.334
"39840205-2",2,51.95
"39990289-2",2,52.741
"40330149-2",2,53.264
"40402482-2",2,53.787
"40555387-2",2,54.311
"40758834-2",2,54.834
"40903529-2",2,55.896
"41198227-2",2,58.374
"41438753-2",2,58.634
"41701555-2",2,59.696
"42037927-2",2,60.757
"42396706-2",2,62.094
"42548978-2",2,63.156
"42818735-2",2,63.679
"42834911-2",2,63.939
"43008253-2",2,65.276
"43635207-2",2,66.892
"43946518-2",2,67.959
"46518057-2",2,81.051
"47093589-2",2,85.06
"47196922-2",2,85.32
"47421143-2",2,85.843
"47296020-2",2,86.103
"47468777-2",2,86.894
"48052413-2",2,87.417
"48113374-2",2,87.677
"48200705-2",2,88.2
"48330716-2",2,88.724
"48346708-2",2,88.984
"48407928-2",2,89.507
"48497154-2",2,91.123
"48532970-2",2,92.46
"48900086-2",2,92.983
"49087421-2",2,93.506
"49269256-2",2,93.766
"49452377-2",2,94.29
"49813323-2",2,94.813
"61735-3",3,0
"143750-3",3,0.259
"466164-3",3,1.05
"79022-3",3,5.06
"867839-3",3,5.586
"931690-3",3,6.647
"1198112-3",3,7.171
"1257561-3",3,7.694
"1410071-3",3,11.081
"1543024-3",3,15.434
"1676845-3",3,17.623
"1812372-3",3,22.305
"seq-rs6541",3,55.863
"seq-rs5309",3,72.017
"32336546-3",3,72.158
"12324611-3",3,72.276
"28417648-3",3,72.535
"45597186-3",3,73.597
"56643506-3",3,99.485
"57499166-3",3,104.138
"57539201-3",3,104.661
"57704490-3",3,105.723
"57730551-3",3,106.246
"58231771-3",3,107.308
"seq-rs5561",3,116.338
"61455688-3",3,120.347
"61519000-3",3,120.871
"61881530-3",3,123.949
"30448-4",4,0
"346622-4",4,1.337
"516524-4",4,2.673
"452459-4",4,3.197
"1767482-4",4,19.914
"1896188-4",4,20.437
"1975770-4",4,20.961
"2196152-4",4,23.147
"2281624-4",4,23.67
"2417662-4",4,24.194
"2573303-4",4,26.672
"2594049-4",4,27.195
"2771721-4",4,28.811
"2773272-4",4,30.427
"3143736-4",4,32.613
"3154286-4",4,32.873
"3400381-4",4,34.772
"3622994-4",4,35.834
"3902431-4",4,36.36
"4053291-4",4,37.427
"4375100-4",4,38.764
"4654334-4",4,39.555
"4711225-4",4,40.078
"4936160-4",4,42.565
"5241676-4",4,43.356
"5295604-4",4,43.879
"5460003-4",4,46.653
"5520463-4",4,47.177
"5548773-4",4,47.7
"5825786-4",4,48.491
"6186118-4",4,51.566
"6219502-4",4,52.089
"7033228-4",4,52.613
"29987657-4",4,52.637
"11229061-4",4,53.136
"11593191-4",4,53.498
"6972061-4",4,54.192
"50180826-4",4,55.253
"51439016-4",4,55.777
"51678315-4",4,57.393
"52252379-4",4,57.916
"52505792-4",4,58.439
"53408358-4",4,61.214
"53677268-4",4,61.737
"53711645-4",4,62.799
"54159343-4",4,63.861
"54341443-4",4,64.651
"54504458-4",4,66.267
"54809312-4",4,66.79
"54845898-4",4,67.314
"54943259-4",4,68.104
"55015520-4",4,68.628
"55077232-4",4,68.888
"55204967-4",4,69.949
"55510192-4",4,70.473
"55747280-4",4,72.659
"55937252-4",4,74.275
"56476705-4",4,79.259
"56571492-4",4,79.782
"56749736-4",4,80.042
"56774378-4",4,80.565
"57014586-4",4,81.356
"57162760-4",4,82.693
"57404058-4",4,84.592
"57835360-4",4,87.07
"58082302-4",4,88.686
"58084439-4",4,88.945
"58175893-4",4,89.469
"58211220-4",4,89.992
"58250466-4",4,90.252
"58341655-4",4,90.775
"58658019-4",4,92.962
"58745615-4",4,94.299
"58779256-4",4,94.558
"58889329-4",4,95.349
"58874242-4",4,95.512
"58808938-4",4,95.613
"59390145-4",4,96.137
"59563628-4",4,96.66
"59679673-4",4,98.559
"59836679-4",4,99.621
"60154256-4",4,100.144
"60508075-4",4,104.797
"60747990-4",4,105.861
"60826842-4",4,107.477
"60868798-4",4,108
"60983181-4",4,109.062
"61083233-4",4,109.322
"61414168-4",4,113.335
"61844252-4",4,113.858
"61687387-4",4,114.381
"61682770-4",4,114.385
"61932880-4",4,115.443
"62073659-4",4,115.703
"62307380-4",4,119.096
"62503027-4",4,122.787
"62741191-4",4,123.58
"62766820-4",4,124.104
"62954169-4",4,125.443
"62988849-4",4,126.234
"63202220-4",4,126.757
"63397542-4",4,128.656
"63488407-4",4,129.718
"63662416-4",4,130.78
"63822598-4",4,131.303
"63891980-4",4,131.826
"266350-5",5,0
"416826-5",5,1.062
"1860363-5",5,22.835
"2166180-5",5,25.923
"2237667-5",5,26.446
"2355555-5",5,27.237
"2448140-5",5,27.76
"2515347-5",5,29.376
"2532223-5",5,30.167
"2654491-5",5,30.426
"2708067-5",5,31.763
"2732300-5",5,32.023
"2830182-5",5,32.816
"2861322-5",5,33.345
"3036208-5",5,34.415
"3184840-5",5,36.05
"3353367-5",5,36.576
"3478382-5",5,37.367
"3786347-5",5,38.983
"4037084-5",5,40.32
"4135281-5",5,40.843
"4313680-5",5,42.18
"4710231-5",5,43.796
"4467534-5",5,44.319
"4419355-5",5,44.32
"5016059-5",5,46.505
"5155694-5",5,47.567
"5329022-5",5,48.904
"5457523-5",5,49.427
"5826600-5",5,53.118
"5763607-5",5,53.378
"6145947-5",5,55.277
"6502606-5",5,56.068
"6711222-5",5,57.132
"6814373-5",5,57.656
"7031168-5",5,58.179
"7268570-5",5,58.702
"7487704-5",5,60.318
"7534051-5",5,60.842
"31952984-5",5,60.843
"43033788-5",5,60.844
"48684299-5",5,60.845
"50536603-5",5,60.846
"58486640-5",5,62.741
"59109515-5",5,63
"59447361-5",5,63.26
"59634513-5",5,64.597
"59786600-5",5,65.12
"59786622-5",5,65.38
"59856707-5",5,65.904
"60342410-5",5,69.284
"60422379-5",5,69.808
"60619277-5",5,71.424
"62101535-5",5,91.178
"62308145-5",5,94.875
"62370844-5",5,96.494
"62456014-5",5,96.754
"62570204-5",5,98.946
"933851-6",6,0
"1178296-6",6,4.669
"1339349-6",6,5.731
"1625639-6",6,6.521
"1855405-6",6,7.045
"2043158-6",6,8.946
"2983847-6",6,11.724
"3503077-6",6,13.34
"3634383-6",6,13.6
"10705136-6",6,13.859
"17980595-6",6,13.86
"22135507-6",6,13.871
"15587199-6",6,14.382
"9032698-6",6,14.906
"15536411-6",6,15.936
"5853322-6",6,15.966
"28105507-6",6,16.832
"28599578-6",6,17.281
"28759606-6",6,17.566
"28713191-6",6,17.806
"29163698-6",6,18.33
"29136714-6",6,18.334
"29454322-6",6,19.12
"29683928-6",6,19.38
"30152377-6",6,20.171
"31371391-6",6,21.789
"31255845-6",6,21.79
"31570910-6",6,22.313
"31973505-6",6,22.572
"32090367-6",6,25.687
"32202956-6",6,26.478
"33676754-6",6,42.631
"33795634-6",6,42.632
"33947553-6",6,45.127
"33993965-6",6,45.65
"34101367-6",6,46.712
"34172904-6",6,46.972
"34264933-6",6,48.587
"34684902-6",6,50.774
"34819610-6",6,51.297
"35127834-6",6,51.821
"35194454-6",6,52.081
"35229841-6",6,52.34
"35282947-6",6,52.864
"35310848-6",6,53.387
"35555888-6",6,54.449
"35637379-6",6,55.239
"35810227-6",6,56.304
"35748330-6",6,56.827
"36036855-6",6,57.889
"36172334-6",6,58.68
"36278604-6",6,59.203
"36336315-6",6,59.463
"36355674-6",6,59.986
"36583622-6",6,60.51
"36619479-6",6,61.033
"36771580-6",6,61.556
"37781104-6",6,64.035
"37873562-6",6,64.558
"37826619-6",6,64.559
"38863011-6",6,67.332
"38882790-6",6,67.856
"38934868-6",6,68.379
"39043469-6",6,68.903
"39198088-6",6,69.426
"39177610-6",6,69.427
"39263767-6",6,69.949
"39497335-6",6,71.565
"39585101-6",6,72.088
"39630736-6",6,72.348
"39719588-6",6,73.964
"40009629-6",6,76.151
"40160110-6",6,76.674
"40190329-6",6,77.197
"40243105-6",6,77.721
"40307180-6",6,78.244
"40594867-6",6,81.018
"41153362-6",6,83.497
"41164804-6",6,83.757
"41222645-6",6,84.28
"41197086-6",6,84.281
"41440942-6",6,86.466
"41664102-6",6,86.992
"41720514-6",6,86.993
"41810492-6",6,87.252
"41853344-6",6,87.776
"42081887-6",6,89.112
"42297379-6",6,90.728
"42594226-6",6,91.79
"42861765-6",6,92.05
"43002117-6",6,92.84
"43299966-6",6,93.1
"42642644-6",6,94.162
"43429790-6",6,94.955
"43580814-6",6,96.298
"43761285-6",6,96.821
"44673006-6",6,102.148
"44903420-6",6,104.334
"1815095-7",7,0
"1887401-7",7,0.793
"1927455-7",7,1.053
"2090681-7",7,4.783
"3317534-7",7,19.428
"28076245-7",7,32.456
"55233438-7",7,36.463
"55492731-7",7,39.844
"55827183-7",7,40.634
"56260355-7",7,43.409
"56433585-7",7,44.47
"56594245-7",7,46.086
"56923597-7",7,47.148
"56968543-7",7,47.408
"57044895-7",7,47.931
"57276727-7",7,50.118
"57880708-7",7,51.733
"58245665-7",7,52.257
"58387931-7",7,53.873
"58764025-7",7,54.396
"58991889-7",7,55.735
"60287669-7",7,66.896
"60514730-7",7,67.42
"60617620-7",7,67.421
"60949357-7",7,69.035
"60988511-7",7,69.826
"61068415-7",7,70.349
"61278841-7",7,71.686
"61450244-7",7,74.461
"61490903-7",7,74.72
"18326-8",8,0
"197152-8",8,1.34
"426863-8",8,3.526
"677500-8",8,6.303
"697373-8",8,6.827
"749732-8",8,7.087
"807281-8",8,7.61
"977990-8",8,8.672
"1068541-8",8,9.465
"1149764-8",8,9.988
"2908556-8",8,41.872
"15684236-8",8,50.105
"50811756-8",8,52.589
"55720913-8",8,68.192
"55711832-8",8,68.451
"55776545-8",8,68.975
"56026137-8",8,69.498
"56057431-8",8,70.022
"56674223-8",8,71.637
"56878278-8",8,72.974
"57194846-8",8,75.455
"57382614-8",8,77.071
"57429246-8",8,77.331
"57706003-8",8,80.105
"57595067-8",8,80.365
"58825288-8",8,87.457
"59267650-8",8,90.533
"59490918-8",8,92.148
"59591639-8",8,92.672
"59709130-8",8,93.195
"59859286-8",8,93.718
"59977315-8",8,94.509
"60032891-8",8,95.032
"60131140-8",8,95.292
"60152946-8",8,95.816
"60508663-8",8,97.432
"60673054-8",8,97.691
"62657015-8",8,109.836
"48822-9",9,0
"107066-9",9,0.001
"372792-9",9,0.523
"1303826-9",9,8.015
"1751745-9",9,12.668
"1836261-9",9,13.73
"1958018-9",9,13.989
"1917918-9",9,14.249
"2109697-9",9,16.727
"2411368-9",9,17.518
"2124025-9",9,17.778
"2247148-9",9,17.779
"3440493-9",9,29.391
"3502151-9",9,30.728
"3529984-9",9,31.254
"3826342-9",9,34.028
"3951301-9",9,35.09
"3987331-9",9,35.881
"4113674-9",9,39.572
"4714567-9",9,46.679
"5037538-9",9,48.294
"5399729-9",9,48.818
"5837219-9",9,49.88
"6048979-9",9,50.403
"21283343-9",9,51.465
"17049513-9",9,51.466
"57807588-9",9,52.526
"58088185-9",9,54.142
"59327238-9",9,54.933
"59830549-9",9,58.939
"60416925-9",9,62.633
"60487661-9",9,63.157
"60676124-9",9,63.417
"60746121-9",9,63.94
"60878948-9",9,65.002
"60907021-9",9,65.003
"61256180-9",9,66.635
"61607962-9",9,67.161
"61700076-9",9,67.687
"61757837-9",9,68.21
"62098389-9",9,69.547
"62161978-9",9,69.807
"62248589-9",9,70.33
"62423755-9",9,70.853
"62482718-9",9,71.113
"62496837-9",9,71.637
"62632398-9",9,73.255
"62896769-9",9,76.868
"62985564-9",9,78.009
"63010532-9",9,78.01
"63211245-9",9,79.346
"63302176-9",9,79.347
"63537281-9",9,82.424
"63841340-9",9,84.615
"64089133-9",9,85.681
"64117471-9",9,86.204
"64117210-9",9,86.205
"64293000-9",9,87.271
"64794163-9",9,90.969
"64960323-9",9,92.585
"65052379-9",9,94.2
"65062496-9",9,94.46
"65152660-9",9,94.984
"65285997-9",9,96.32
"65468989-9",9,98.225
"65685493-9",9,98.748
"65814934-9",9,102.145
"65923428-9",9,103.206
"66074223-9",9,105.399
"66164836-9",9,106.738
"66260125-9",9,106.998
"66398300-9",9,107.521
"66518095-9",9,111.228
"66561219-9",9,112.29
"66709832-9",9,113.627
"66807440-9",9,113.886
"66922510-9",9,114.948
"67115755-9",9,115.208
"67231827-9",9,116.545
"67309270-9",9,116.805
"67604745-9",9,117.869
"274856-10",10,0
"536207-10",10,1.621
"1686543-10",10,10.651
"2312299-10",10,23.327
"2527359-10",10,25.519
"20239670-10",10,42.091
"15293000-10",10,42.639
"16020522-10",10,42.899
"24477744-10",10,43.423
"6380291-10",10,43.943
"4324132-10",10,44.477
"23394403-10",10,44.737
"seq-rs5544-10",10,54.21
"61003816-10",10,76.694
"61659403-10",10,83.441
"61915769-10",10,85.351
"62354236-10",10,90.355
"62966801-10",10,96.017
"63534969-10",10,101.68
"63663729-10",10,102.47
"64253034-10",10,109.196
"64633271-10",10,109.456
"4106861-11",11,0
"4629970-11",11,3.697
"4775241-11",11,5.596
"4938154-11",11,6.387
"5148492-11",11,8.573
"5174517-11",11,8.833
"5279605-11",11,11.023
"5329725-11",11,11.813
"5472582-11",11,12.073
"5624269-11",11,12.333
"5702919-11",11,12.856
"5955570-11",11,13.38
"6497292-11",11,14.998
"7159216-11",11,15.28
"7105510-11",11,15.518
"7485844-11",11,16.544
"7599013-11",11,16.578
"7857508-11",11,17.101
"8357644-11",11,17.625
"23203939-11",11,19.24
"46409027-11",11,20.856
"47009022-11",11,21.38
"47411518-11",11,21.903
"47543161-11",11,22.426
"48283991-11",11,26.753
"48586795-11",11,27.815
"48825658-11",11,28.877
"48874317-11",11,29.137
"49292479-11",11,30.755
"49758581-11",11,34.136
"49910398-11",11,36.322
"50040024-11",11,37.941
"50278394-11",11,40.13
"50323366-11",11,41.192
"50387512-11",11,41.452
"50537278-11",11,44.226
"50584170-11",11,44.486
"50659272-11",11,45.01
"50710229-11",11,45.533
"50827722-11",11,46.595
"51059210-11",11,47.385
"51097323-11",11,47.909
"51208173-11",11,50.101
"51306863-11",11,52
"51419794-11",11,53.337
"51721878-11",11,57.673
"51886101-11",11,59.292
"51894451-11",11,59.815
"51937609-11",11,60.338
"52219825-11",11,62.237
"52283414-11",11,62.497
"52536644-11",11,65.272
"52635542-11",11,66.333
"52769005-11",11,66.857
"52815491-11",11,67.383
"52849899-11",11,67.643
"52958873-11",11,68.433
"53090990-11",11,70.62
"53185434-11",11,71.143
"53249226-11",11,72.234
"286790-12",12,0
"6718-12",12,0.523
"497912-12",12,1.314
"542585-12",12,2.375
"740334-12",12,4.562
"802039-12",12,7.336
"890622-12",12,7.86
"1071458-12",12,8.65
"1118438-12",12,9.174
"1423611-12",12,13.18
"1701268-12",12,14.517
"1971371-12",12,18.847
"2086412-12",12,19.107
"2269467-12",12,20.443
"2496656-12",12,22.514
"2714105-12",12,27.21
"2820696-12",12,28.073
"2864634-12",12,28.864
"2817040-12",12,29.387
"3049933-12",12,30.449
"3116998-12",12,30.972
"3471392-12",12,35.299
"3713523-12",12,36.09
"3828496-12",12,36.349
"3842918-12",12,37.411
"3920250-12",12,38.473
"4679131-12",12,40.375
"4396546-12",12,41.993
"6238531-12",12,49.115
"43614721-12",12,49.638
"44550893-12",12,50.7
"44987172-12",12,52.316
"45608784-12",12,52.839
"47269280-12",12,56.53
"47342300-12",12,58.146
"47844891-12",12,60.921
"48063454-12",12,61.181
"48188286-12",12,61.971
"48206805-12",12,62.495
"48238889-12",12,63.018
"48270556-12",12,64.08
"48357587-12",12,64.34
"48376549-12",12,64.863
"48399429-12",12,65.386
"48438942-12",12,65.91
"48484056-12",12,66.433
"62005719-12",12,71.086
"62039841-12",12,71.609
"62247098-12",12,71.869
"62354175-12",12,72.392
"62420692-12",12,73.454
"62534395-12",12,77.46
"62576889-12",12,77.989
